{
  "$schema": "https://turbo.build/schema.json",
  "globalDependencies": ["**/.env.*local"],
  "tasks": {
    "build": {
      "dependsOn": ["^build"],
      "outputs": ["dist/**", ".next/**", "!.next/cache/**"]
    },
    "dev": {
      "cache": false,
      "persistent": true
    },
    "lint": {
      "outputs": []
    },
    "test": {
      "outputs": ["coverage/**"],
      "dependsOn": ["build"]
    },
    "test:coverage": {
      "outputs": ["coverage/**"],
      "dependsOn": ["build"]
    },
    "typecheck": {
      "outputs": []
    },
    "clean": {
      "cache": false
    }
  }
}
